{
    "name": "f9e90277-07db-4e0b-807e-6026eb2435fe",
    "id": "/providers/Microsoft.Flow/flows/f9e90277-07db-4e0b-807e-6026eb2435fe",
    "type": "Microsoft.Flow/flows",
    "properties": {
        "apiId": "/providers/Microsoft.PowerApps/apis/shared_logicflows",
        "displayName": "Account Owner - Worker",
        "definition": {
            "metadata": {
                "workflowEntityId": null,
                "processAdvisorMetadata": null,
                "flowclientsuspensionreason": "None",
                "flowclientsuspensiontime": null,
                "creator": {
                    "id": "321d8b74-9a39-4192-a870-b7a5a0f9defb",
                    "type": "User",
                    "tenantId": "b9b8fda3-3026-4e58-81b3-6477129829ff"
                },
                "provisioningMethod": "FromDefinition",
                "failureAlertSubscription": true,
                "clientLastModifiedTime": "2021-11-22T12:30:28.8691603Z"
            },
            "$schema": "https://schema.management.azure.com/providers/Microsoft.Logic/schemas/2016-06-01/workflowdefinition.json#",
            "contentVersion": "1.0.0.0",
            "parameters": {
                "$connections": {
                    "defaultValue": {},
                    "type": "Object"
                },
                "$authentication": {
                    "defaultValue": {},
                    "type": "SecureObject"
                }
            },
            "triggers": {
                "When_an_Account_row_is_added_or_modified": {
                    "metadata": {
                        "operationMetadataId": "4277adaf-a266-4cd2-ab93-c31cb6920816"
                    },
                    "type": "OpenApiConnectionWebhook",
                    "inputs": {
                        "host": {
                            "apiId": "/providers/Microsoft.PowerApps/apis/shared_commondataserviceforapps",
                            "connectionName": "shared_commondataserviceforapps",
                            "operationId": "SubscribeWebhookTrigger"
                        },
                        "parameters": {
                            "subscriptionRequest/message": 4,
                            "subscriptionRequest/entityname": "account",
                            "subscriptionRequest/scope": 4,
                            "subscriptionRequest/runas": 3
                        },
                        "authentication": "@parameters('$authentication')"
                    }
                }
            },
            "actions": {
                "Updated_from_Dual_Write": {
                    "actions": {
                        "Find_User": {
                            "runAfter": {
                                "Is_WorkerId_empty": [
                                    "Succeeded"
                                ]
                            },
                            "metadata": {
                                "operationMetadataId": "783cd8f1-6ed6-43a2-a588-560cdf4e0cb9"
                            },
                            "type": "OpenApiConnection",
                            "inputs": {
                                "host": {
                                    "apiId": "/providers/Microsoft.PowerApps/apis/shared_commondataserviceforapps",
                                    "connectionName": "shared_commondataserviceforapps",
                                    "operationId": "ListRecords"
                                },
                                "parameters": {
                                    "entityName": "systemusers",
                                    "$select": "fullname,windowsliveid,internalemailaddress,domainname",
                                    "$filter": "windowsliveid eq '@{variables('EmailAddress')}'",
                                    "$top": 1
                                },
                                "authentication": "@parameters('$authentication')"
                            }
                        },
                        "Is_it_updates_the_same_value_or_empty_value": {
                            "actions": {},
                            "runAfter": {
                                "Set_System_User_Id": [
                                    "Succeeded"
                                ]
                            },
                            "else": {
                                "actions": {
                                    "Update_Owner_in_Account": {
                                        "runAfter": {},
                                        "metadata": {
                                            "operationMetadataId": "cd34a8f0-b840-4458-bf03-19d78fbae4d9"
                                        },
                                        "type": "OpenApiConnection",
                                        "inputs": {
                                            "host": {
                                                "apiId": "/providers/Microsoft.PowerApps/apis/shared_commondataserviceforapps",
                                                "connectionName": "shared_commondataserviceforapps",
                                                "operationId": "UpdateRecord"
                                            },
                                            "parameters": {
                                                "entityName": "accounts",
                                                "recordId": "@triggerOutputs()?['body/accountid']",
                                                "item/ownerid@odata.bind": "/systemusers(@{variables('SystemUserId')})",
                                                "item/gwdw_updatedfromdualwrite": false
                                            },
                                            "authentication": "@parameters('$authentication')"
                                        }
                                    }
                                }
                            },
                            "expression": {
                                "or": [
                                    {
                                        "equals": [
                                            "@triggerOutputs()?['body/_ownerid_value']",
                                            "@variables('SystemUserId')"
                                        ]
                                    },
                                    {
                                        "equals": [
                                            "@variables('SystemUserId')",
                                            "@string('')"
                                        ]
                                    }
                                ]
                            },
                            "metadata": {
                                "operationMetadataId": "bee394fa-46cb-4233-bbe8-ce7d030c47ba"
                            },
                            "type": "If"
                        },
                        "Set_System_User_Id": {
                            "runAfter": {
                                "Find_User": [
                                    "Succeeded"
                                ]
                            },
                            "type": "SetVariable",
                            "inputs": {
                                "name": "SystemUserId",
                                "value": "@{first(outputs('Find_User')?['body/value'])?['systemuserid']}"
                            }
                        },
                        "From_FSCM_to_CRM": {
                            "runAfter": {},
                            "type": "Compose",
                            "inputs": "DEBUG: FSCM --> CRM Worker --> CRM Owner"
                        },
                        "Is_WorkerId_empty": {
                            "actions": {
                                "Set_default_Email_Address": {
                                    "runAfter": {},
                                    "type": "SetVariable",
                                    "inputs": {
                                        "name": "EmailAddress",
                                        "value": "@variables('Dynamics365AdminEmail')"
                                    }
                                }
                            },
                            "runAfter": {
                                "From_FSCM_to_CRM": [
                                    "Succeeded"
                                ]
                            },
                            "else": {
                                "actions": {
                                    "Find_Worker": {
                                        "runAfter": {},
                                        "metadata": {
                                            "operationMetadataId": "20c89cf3-d3eb-4e8c-9dcf-9cb401b8fa03"
                                        },
                                        "type": "OpenApiConnection",
                                        "inputs": {
                                            "host": {
                                                "apiId": "/providers/Microsoft.PowerApps/apis/shared_commondataserviceforapps",
                                                "connectionName": "shared_commondataserviceforapps",
                                                "operationId": "ListRecords"
                                            },
                                            "parameters": {
                                                "entityName": "cdm_workers",
                                                "$select": "cdm_fullname,cdm_primaryemailaddress,cdm_workernumber",
                                                "$filter": "cdm_workerid eq @{variables('WorkerId')}",
                                                "$top": 1
                                            },
                                            "authentication": "@parameters('$authentication')"
                                        }
                                    },
                                    "Set_Email_address_from_Worker": {
                                        "runAfter": {
                                            "Find_Worker": [
                                                "Succeeded"
                                            ]
                                        },
                                        "type": "SetVariable",
                                        "inputs": {
                                            "name": "EmailAddress",
                                            "value": "@{first(outputs('Find_Worker')?['body/value'])?['cdm_primaryemailaddress']}"
                                        }
                                    }
                                }
                            },
                            "expression": {
                                "equals": [
                                    "@string(variables('WorkerId'))",
                                    "@string('')"
                                ]
                            },
                            "type": "If"
                        }
                    },
                    "runAfter": {
                        "Init_System_User_Id_or_Owner": [
                            "Succeeded"
                        ]
                    },
                    "else": {
                        "actions": {
                            "Find_Worker_2": {
                                "runAfter": {
                                    "Set_email_address_2": [
                                        "Succeeded"
                                    ]
                                },
                                "metadata": {
                                    "operationMetadataId": "20c89cf3-d3eb-4e8c-9dcf-9cb401b8fa03"
                                },
                                "type": "OpenApiConnection",
                                "inputs": {
                                    "host": {
                                        "apiId": "/providers/Microsoft.PowerApps/apis/shared_commondataserviceforapps",
                                        "connectionName": "shared_commondataserviceforapps",
                                        "operationId": "ListRecords"
                                    },
                                    "parameters": {
                                        "entityName": "cdm_workers",
                                        "$select": "cdm_fullname,cdm_primaryemailaddress,cdm_workernumber",
                                        "$filter": "cdm_primaryemailaddress eq '@{variables('EmailAddress')}'",
                                        "$top": 1
                                    },
                                    "authentication": "@parameters('$authentication')"
                                }
                            },
                            "Is_it_updates_the_same_value_or_empty_value_2": {
                                "actions": {},
                                "runAfter": {
                                    "DEBUG:_Worker_value_from_Trigger": [
                                        "Succeeded"
                                    ]
                                },
                                "else": {
                                    "actions": {
                                        "Remove_association_at_all": {
                                            "actions": {
                                                "Update_Worker_in_Account_with_null_value_2": {
                                                    "runAfter": {},
                                                    "metadata": {
                                                        "operationMetadataId": "cd34a8f0-b840-4458-bf03-19d78fbae4d9"
                                                    },
                                                    "type": "OpenApiConnection",
                                                    "inputs": {
                                                        "host": {
                                                            "apiId": "/providers/Microsoft.PowerApps/apis/shared_commondataserviceforapps",
                                                            "connectionName": "shared_commondataserviceforapps",
                                                            "operationId": "UpdateRecord"
                                                        },
                                                        "parameters": {
                                                            "entityName": "accounts",
                                                            "recordId": "@triggerOutputs()?['body/accountid']",
                                                            "item/gwdw_updatedfromdualwrite": false,
                                                            "item/gwdw_Worker@odata.bind": "@null"
                                                        },
                                                        "authentication": "@parameters('$authentication')"
                                                    }
                                                }
                                            },
                                            "runAfter": {},
                                            "else": {
                                                "actions": {
                                                    "Update_Worker_in_Account_2": {
                                                        "runAfter": {},
                                                        "metadata": {
                                                            "operationMetadataId": "cd34a8f0-b840-4458-bf03-19d78fbae4d9"
                                                        },
                                                        "type": "OpenApiConnection",
                                                        "inputs": {
                                                            "host": {
                                                                "apiId": "/providers/Microsoft.PowerApps/apis/shared_commondataserviceforapps",
                                                                "connectionName": "shared_commondataserviceforapps",
                                                                "operationId": "UpdateRecord"
                                                            },
                                                            "parameters": {
                                                                "entityName": "accounts",
                                                                "recordId": "@triggerOutputs()?['body/accountid']",
                                                                "item/gwdw_updatedfromdualwrite": false,
                                                                "item/gwdw_Worker@odata.bind": "/cdm_workers(@{variables('WorkerId')})"
                                                            },
                                                            "authentication": "@parameters('$authentication')"
                                                        }
                                                    }
                                                }
                                            },
                                            "expression": {
                                                "equals": [
                                                    "@string(variables('WorkerId'))",
                                                    "@string('')"
                                                ]
                                            },
                                            "type": "If"
                                        }
                                    }
                                },
                                "expression": {
                                    "equals": [
                                        "@string(triggerOutputs()?['body/_gwdw_worker_value'])",
                                        "@variables('WorkerId')"
                                    ]
                                },
                                "metadata": {
                                    "operationMetadataId": "bee394fa-46cb-4233-bbe8-ce7d030c47ba"
                                },
                                "type": "If"
                            },
                            "Set_email_address_2": {
                                "runAfter": {
                                    "Find_User_2": [
                                        "Succeeded"
                                    ]
                                },
                                "type": "SetVariable",
                                "inputs": {
                                    "name": "EmailAddress",
                                    "value": "@{first(outputs('Find_User_2')?['body/value'])?['windowsliveid']}"
                                }
                            },
                            "Set_Worker_Id_2": {
                                "runAfter": {
                                    "Find_Worker_2": [
                                        "Succeeded"
                                    ]
                                },
                                "type": "SetVariable",
                                "inputs": {
                                    "name": "WorkerId",
                                    "value": "@{first(outputs('Find_Worker_2')?['body/value'])?['cdm_workerid']}"
                                }
                            },
                            "DEBUG:_Worker_value_from_Trigger": {
                                "runAfter": {
                                    "Set_Worker_Id_2": [
                                        "Succeeded"
                                    ]
                                },
                                "type": "Compose",
                                "inputs": "@triggerOutputs()?['body/_gwdw_worker_value']"
                            },
                            "From_CRM_to_FSCM": {
                                "runAfter": {},
                                "type": "Compose",
                                "inputs": "DEBUG: CRM Owner --> CRM Worker --> FSCM"
                            },
                            "Find_User_2": {
                                "runAfter": {
                                    "From_CRM_to_FSCM": [
                                        "Succeeded"
                                    ]
                                },
                                "metadata": {
                                    "operationMetadataId": "783cd8f1-6ed6-43a2-a588-560cdf4e0cb9"
                                },
                                "type": "OpenApiConnection",
                                "inputs": {
                                    "host": {
                                        "apiId": "/providers/Microsoft.PowerApps/apis/shared_commondataserviceforapps",
                                        "connectionName": "shared_commondataserviceforapps",
                                        "operationId": "ListRecords"
                                    },
                                    "parameters": {
                                        "entityName": "systemusers",
                                        "$select": "fullname,windowsliveid,internalemailaddress,domainname",
                                        "$filter": "systemuserid eq @{variables('SystemUserId')}",
                                        "$top": 1
                                    },
                                    "authentication": "@parameters('$authentication')"
                                }
                            }
                        }
                    },
                    "expression": {
                        "equals": [
                            "@triggerOutputs()?['body/gwdw_updatedfromdualwrite']",
                            "@true"
                        ]
                    },
                    "type": "If"
                },
                "Init_Worker_Id": {
                    "runAfter": {
                        "Init_Dynamics_365_Admin_Email_Address": [
                            "Succeeded"
                        ]
                    },
                    "type": "InitializeVariable",
                    "inputs": {
                        "variables": [
                            {
                                "name": "WorkerId",
                                "type": "string",
                                "value": "@triggerOutputs()?['body/_gwdw_worker_value']"
                            }
                        ]
                    }
                },
                "Init_Email_Address": {
                    "runAfter": {
                        "Init_Worker_Id": [
                            "Succeeded"
                        ]
                    },
                    "type": "InitializeVariable",
                    "inputs": {
                        "variables": [
                            {
                                "name": "EmailAddress",
                                "type": "string"
                            }
                        ]
                    }
                },
                "Init_System_User_Id_or_Owner": {
                    "runAfter": {
                        "Init_Email_Address": [
                            "Succeeded"
                        ]
                    },
                    "type": "InitializeVariable",
                    "inputs": {
                        "variables": [
                            {
                                "name": "SystemUserId",
                                "type": "string",
                                "value": "@triggerOutputs()?['body/_ownerid_value']"
                            }
                        ]
                    }
                },
                "Init_Dynamics_365_Admin_Email_Address": {
                    "runAfter": {},
                    "type": "InitializeVariable",
                    "inputs": {
                        "variables": [
                            {
                                "name": "Dynamics365AdminEmail",
                                "type": "string",
                                "value": "Dynamics365@contoso.com"
                            }
                        ]
                    }
                }
            }
        },
        "connectionReferences": {
            "shared_commondataserviceforapps": {
                "connectionName": "shared-commondataser-d81ac8a5-d640-45fc-b89e-d045-01db5b39",
                "source": "Embedded",
                "id": "/providers/Microsoft.PowerApps/apis/shared_commondataserviceforapps",
                "tier": "NotSpecified"
            }
        },
        "flowFailureAlertSubscribed": false
    }
}